sampleid,chromosome_A,position_A,chromosome_B,position_B,gene_a,gene_b,percent_fusion_ab
s1,2,29447736,2,42522922,ALK,EML4,0.117405
s2,2,29446684,2,42525552,ALK,EML4,0.141343
s3,2,29447843,2,42553218,ALK,EML4,0.054675
s3,2,29447823,2,42553206,ALK,EML4,0.103279
s5,2,29447779,2,42507382,ALK,EML4,2.962662
s8,2,29447975,2,42492537,ALK,EML4,0.038895
s14,2,29447674,2,42552975,ALK,EML4,0.15083
s15,2,29448225,2,42507709,ALK,EML4,0.132943
s19,2,29448085,2,42552879,ALK,EML4,0.163934
s20,2,29447916,2,42504277,ALK,EML4,0.284333
s26,2,29446716,2,42528195,ALK,EML4,10.529846
s33,2,29447761,2,42526717,ALK,EML4,0.082389
s35,2,29448134,2,42506263,ALK,EML4,0.04056
s41,2,29447775,2,42522687,ALK,EML4,0.488599
s41,2,29447311,2,42522686,ALK,EML4,0.978474
s43,2,29447850,2,42543840,ALK,EML4,0.23084
s64,2,29446685,2,42491962,ALK,EML4,0.838574
s65,2,29446416,2,42496160,ALK,EML4,0.145391
s73,2,29448239,2,42500417,ALK,EML4,0.032515
s76,2,29446730,2,42522995,ALK,EML4,0.607639
s86,2,29446485,2,42548105,ALK,EML4,3.747834
s87,2,29447714,2,42552726,ALK,EML4,0.204151
s88,2,29446527,2,42525777,ALK,EML4,2.37069
s90,2,29447680,2,42526143,ALK,EML4,4.85133
s92,2,29446677,2,42553156,ALK,EML4,5.67525
s96,2,29448042,2,42527766,ALK,EML4,0.301508
s96,2,29448055,2,42527762,ALK,EML4,0.344828
s99,2,29447771,2,42526273,ALK,EML4,0.726172
s103,2,29448132,2,42543396,ALK,EML4,3.323008
s104,2,29447828,2,42504344,ALK,EML4,0.26001
s107,2,29448003,2,42496595,ALK,EML4,0.632603
s114,2,29448260,2,42501543,ALK,EML4,0.05386
s116,2,29448034,2,42543826,ALK,EML4,1.192718
s117,2,29446491,2,42497766,ALK,EML4,0.212804
s118,2,29447842,2,42527768,ALK,EML4,2.518892
s128,2,29447887,2,42501789,ALK,EML4,0.342612
s129,2,29448042,2,42527766,ALK,EML4,0.083577
s129,2,29448055,2,42527762,ALK,EML4,0.123052
s141,2,29448003,2,42496595,ALK,EML4,1.652491
s145,2,29447550,2,42526124,ALK,EML4,0.493938
s148,2,29446531,2,42523202,ALK,EML4,1.919795
s158,2,29447803,2,42525239,ALK,EML4,0.068275
s159,2,29446512,2,42523380,ALK,EML4,0.058457
s161,2,29446616,2,42525744,ALK,EML4,0.137174
s161,2,29446610,2,42525667,ALK,EML4,1.101807
s163,2,29448095,2,42497695,ALK,EML4,0.262414
s164,2,29447505,2,42526379,ALK,EML4,0.16372
s166,2,29448239,2,42500417,ALK,EML4,0.401606
s167,2,29448378,2,42525731,ALK,EML4,0.564301
s167,2,29448377,2,42525732,ALK,EML4,0.235433
s169,2,29448042,2,42527766,ALK,EML4,0.294638
s169,2,29448055,2,42527762,ALK,EML4,0.434531
s171,2,29447871,2,42527428,ALK,EML4,0.053177
s178,2,29447802,2,42500786,ALK,EML4,3.013076
s188,2,29447749,2,42501114,ALK,EML4,0.067488
s189,2,29448035,2,42502744,ALK,EML4,0.129506
s190,2,29447218,2,42505641,ALK,EML4,7.142857
s193,2,29446448,2,42543918,ALK,EML4,0.174825
s196,2,29446557,2,42528393,ALK,EML4,12.514666
s196,2,29446556,2,42528389,ALK,EML4,2.1628
s199,2,29447932,2,42552931,ALK,EML4,0.816327
s199,2,29447934,2,42553012,ALK,EML4,1.299435
s203,2,29448376,2,42528101,ALK,EML4,0.104439
s204,2,29447500,2,42481591,ALK,EML4,0.2002
s205,2,29447976,2,42524881,ALK,EML4,0.126968
s208,2,29448231,2,42524030,ALK,EML4,0.330237
s213,2,29448364,2,42557799,ALK,EML4,0.600209
s215,2,29446422,2,42502491,ALK,EML4,2.859696
s215,2,29446443,2,42502495,ALK,EML4,2.131148
s217,2,29446555,2,42504018,ALK,EML4,0.074156
s222,2,29447426,2,42527940,ALK,EML4,0.089366
s222,2,29447537,2,42528041,ALK,EML4,0.303797
s224,2,29447402,2,42503306,ALK,EML4,1.9351
s240,2,29447945,2,42496195,ALK,EML4,0.045218
s245,2,29447721,2,42493742,ALK,EML4,0.054506
s247,2,29446538,2,42527194,ALK,EML4,9.18537
s250,2,29448403,2,42545514,ALK,EML4,0.15748
s266,2,29448106,2,42523511,ALK,EML4,0.885781
s268,2,29447908,2,42527638,ALK,EML4,0.133467
s269,2,29448198,2,42554681,ALK,EML4,8.341958
s278,2,29446480,2,42525870,ALK,EML4,0.263852
s280,2,29448198,2,42554681,ALK,EML4,3.378378
s286,2,29446538,2,42527194,ALK,EML4,0.665927
s287,2,29448153,2,42507268,ALK,EML4,4.741654
s288,2,29448198,2,42554681,ALK,EML4,2.392344
s298,2,29448054,2,42553171,ALK,EML4,0.317965
s299,2,29447945,2,42496195,ALK,EML4,0.577125
s300,2,29448198,2,42554681,ALK,EML4,0.779817
s304,2,29447658,2,42522949,ALK,EML4,0.057521